AUAGUA$GAAG,S
AGGUA$GAAUG,S
GGGUA$GAAUA,S
CGACC$CAGUAC,S
CAGUA$GAAC,S
GUA$AAA,S
UAGUA$GAAC,S
UUAGUA$GAAGC,S
UAGUA$GAAA,S
GAGUAC$AAAA,S
UCAGUA$GAACC,S
UUAGUA$GAACC,S
UGAGUA$GAAAU,S
GACC$CAGUA,S
UUAGUA$GAAAC,S
AAGAGUA$GAAGGCA,S
GAGUA$GAAA,S
GUA$GAA,S
UAAGUA$GAAAU,S
AGAACU$UUAGUAC,S
GAGUAC$GAAA,S
CCGAGUA$GAAAC,S
GAACU$UAAGUA,S
AUGAGUA$GAAAGG,S
AGGUA$AAAUA,S
GAACU$UCAGUA,S
AAGAAC$CAGUAGAA,S
UCAGUA$GAAGC,S
GGAGUA$GAGA,S
GAGUAU$GAAA,S
AAGUA$GAAGCAACG,S
GAC$GGUA,S
AAAA$GAGUA,S
AUGUA$GAA,S
UAGUA$GAAU,S
GGAGUA$AAGA,S
