UUCAAUU,T
UGCAAGU,T
UGAGAAG,T
UGAAACU,T
UGCAACU,T
UGACAGC,T
UGAAAUU,T
UAGGUAGU,T
UUAGAUU,T
UGAGAGU,T
UUCGAGA,T
UCAUCAG,T
UGGAAC,T
UUUGAAAA,T
UGAAAAG,T
UCCUAAGC,T
UGGAAU,T
UGAGAAU,T
UAAUAAU,T
UGGAAA,T
UUCGAUC,T
UUCGAGC,T
UUCGAGU,T
UGAUAGC,T
UUCAAAU,T
CUAGAAAC,T
AUUGAAGC,T
AUGAUU,T
UGCAACCC,T
UGAGAU,T
UUCAGAU,T
UUCGACU,T
UGGGAU,T
UUCAAGU,T
UGAGAAC,T
CGAGAAC,T
UGGGAA,T
UUCGAUU,T
UUCGAAU,T
GUGACU,T
UGAAAGC,T
UUUGUAGA,T
UGACAAC,T
CUUGAAAC,T
UGCAACUC,T
CUGAUC,T
UAUAGU,T
UGUGAGG,T
UCCCAAGC,T
UUAUACU,T
UGCAAGC,T
UAGAGU,T
