UAAGGAUU$UUGAUU,K
AUCGAU$GGA,K
AUCA$GACCAC,K
AGA$GACGAA,K
GGAAU$GAGAU,K
GA$GCGAAA,K
AAGACA$AAUGAC,K
GGA$UAUGAA,K
GAA$AAUGU,K
GGA$UUUGAU,K
UUC$CCACG,K
AUAGACA$CGA,K
AGA$CAUGAC,K
UGUGAA$GGA,K
GUA$GUAGAG,K
CUAGACA$CGA,K
GACGAU$GGA,K
GUA$UUAGAA,K
AGUA$GCAGAUA,K
CCAGACA$CGA,K
CGA$GUUUGAC,K
GGA$GUGGAU,K
UAAGACA$CGA,K
UAUGAG$AAA,K
GGA$GUUGAA,K
GACGAA$CGA,K
UGA$CGUGAU,K
GUUGAA$GGA,K
GA$ACAAA,K
AUCA$UUCAAC,K
GA$GAGAAA,K
UGA$UGUGAU,K
AAUGAU$UGA,K
GGA$GAAGAA,K
GAUGAA$GGA,K
CAA$GAUGAC,K
GGAAU$GAGAG,K
GGAGAA$GGA,K
AUCA$GACGAC,K
CUUGAA$GGA,K
CGA$UUUGAC,K
UAUGAA$GGA,K
GGA$GAGGAU,K
GGAA$AGGAA,K
AAUGA$GA,K
GGA$GAUGAA,K
CGAUGAA$UGAA,K
GCAGAA$GGA,K
AUGGAA$GGA,K
GAAGAA$GGA,K
GGUGAA$GA,K
GAAGACA$CGA,K
GAUGA$GA,K
AUUA$GACGAU,K
GA$AAUGA,K
UGAA$CGAUGAA,K
UGUGAU$UGA,K
CUA$UUGGAC,K
