UGAAACU,T
UUCGACU,T
UUUGAAAA,T
UAAUAAU,T
UUCAGAU,T
UAUAGU,T
UUCAAAU,T
AUGAUU,T
UGAAAAG,T
CGAGAAC,T
UAGAGU,T
AUUGAAGC,T
UUCAAUU,T
UGCAACCC,T
UUCGAUU,T
UGAGAGU,T
GUGACU,T
UUUGUAGA,T
UUUGAUU,T
UCCUAAGC,T
UUCGAGA,T
UUCGAUC,T
CUAGAAAC,T
CUUGAAAC,T
UGAGAAU,T
UGACAAC,T
UUGGUAGU,T
UGAGAAC,T
UGGAAA,T
UGAAAGC,T
UGAUAGC,T
UAGGUAGU,T
CUGAUC,T
UCCCAAGC,T
UGGGAA,T
UGGGAU,T
UUCGAAU,T
UGCAACUC,T
UGCAAGU,T
UGCAAGC,T
UGCAACU,T
UUAGAUU,T
UUCGAGU,T
UUAUACU,T
UUUGUAUA,T
UUCGAGC,T
UCAUCAG,T
UGAAAUU,T
UUCAAGU,T
UGAGAAG,T
UGACAGC,T
UGAGAU,T
UGGAAU,T
UGGAAC,T
UGUGAGG,T
