UUCGAUC,T
UGGAAA,T
UGAGAGU,T
GUGA,G
UGCAACU,T
UUCAA,G
GCAUA,G
UUUG,U
GAUAAG,G
UUCAAGU,T
UCU,U
UAAUAAU,T
UUCGAGA,T
UGGAAC,T
UUCAAUU,T
AGCCUGGGA,D
CUACAA,G
AGCCAGGACA,D
CUUUUAA,L
UUCG,U
GAGUA,G
UUGAAAA,L
GUUAUG,G
GAGAA,G
UGAGAAU,T
UAACA,G
GCCA,U
CUUCAAA,L
CUUGAAAC,T
UUUU,U
CUGCGAA,L
CUCAUAA,L
CUGUAGA,L
UAAC,G
AGCCGGUA,D
GCUA,U
AGUUGGUA,D
UCA,U
GAUAAC,G
UGGGAA,T
GAUGA,G
UGAAAGC,T
UAGAGU,T
UUGCAAA,L
UAGGUAGU,T
AAUGGUA,D
CAAG,U
AUU,U
GGAG,G
UUGAAGA,L
GUGAGA,G
GUAA,G
UGACAGC,T
UGCAAGC,T
UUCAAAU,T
UCCUAAGC,T
UACG,U
UGGGAU,T
GGAA,G
CAGAA,G
UCGAACA,G
AAUUGGAUA,D
UGCAACUC,T
AGAAAU,G
GAAA,G
UUUC,U
UGAGAAC,T
CACG,U
AGCCCGGUA,D
UUUGUAUA,T
CUGUAAA,L
GAAUCGGUAGA,D
CUGUCAC,L
CUCGAAA,L
UUAUACU,T
GUAUA,G
UUAU,U
GUAG,G
UGACAC,G
GAAUGGGUAGA,D
GAUAA,G
UCAA,G
CAAA,G
GUAAG,G
GUAAUA,G
GGGA,G
AGGGGUA,D
AGGCGGUUA,D
AUUGAAGC,T
CUUUGGA,L
UUUUGAU,L
UUAGAUU,T
AGCUGGUCA,D
CUCUAAA,L
UUUGAAAA,T
CAU,U
AGCGGAA,D
AAAA,G
GCUAAC,G
GAGCCUGGUCAAA,D
CAACU,G
UUCGAAU,T
CUUACAA,L
GGCGAAA,G
GACGGUU,U
UUCCCAA,L
GGAAC,G
CCU,U
CCUU,U
UGAGAAU,G
GACGA,G
UGUC,U
CUCUCAA,L
UUGCCAA,L
UUC,U
UUCGACU,T
UGAAAUU,T
AGUUGGUUA,D
UUCGAUU,T
UCCG,U
CUUUGAC,L
UGU,U
GAACA,G
GAAUA,G
AACGGUA,D
UCAC,G
AGUGGUA,D
UUCU,U
UGUAAUU,T
UGACAAC,T
UUCGGGA,L
CUGGAAA,L
UUAAAA,G
AAAUCGGUAAA,D
AUGAUU,T
UUUGUAGA,T
UGGU,D
UUCGAGU,T
CUGCAA,G
GUAACA,G
AUGGAC,U
UAACG,G
UGAAAAG,T
CUCCAGA,L
UUGGUAA,L
GCAA,G
UGAU,U
AGUCGGUA,D
GUGA,U
AGCUGGGA,D
UGAAAA,G
UGGAAU,T
GUGGCU,G
AGUUGGGA,D
UGCAACCC,T
UAA,U
CUGAAAA,L
AGCCUGGUA,D
UGAGAU,T
UCCCAAGC,T
UAUAGU,T
GCGA,G
UUU,U
GACG,G
UUCAGAU,T
GGCGA,G
GAAAG,G
GAAGA,G
GCAG,G
AAGCCUGGCCAAA,D
AGCCAGGUCA,D
UGAAACU,T
GACA,G
CUGAUAA,L
GAGA,G
UGCAAGU,T
UUCUGAU,L
UAU,U
CGU,U
UUCGAGC,T
GAAG,G
GAAAU,G
UAGC,G
CACC,G
GUGGCG,G
GGAA,U
AGUC,U
UUGAGGU,L
