UGA$AUGAU,K
CACUC$GAAA,C
AUUA$GAA,A
GA$AAUG,K
GAACA$CGAA,A
ACAA$G,C
GAUGAA$GGA,K
AAUGA$GA,K
CAAC$CGAAC,A
GAAC$CAGUA,S
UAA$GAAA,A
GGA$GUGGAU,K
GAAC$UAGUA,S
CAC$AA,C
AUAA$GAAG,A
CAC$A,C
GACGAA$CGA,K
GUAA$GAAA,A
GAA$UAA,A
GGA$GAUGAA,K
CGACC$AAA,C
GGAA$AGGAA,K
GAA$GGAG,K
GACC$CAGA,S
CAC$C,C
GAACC$GAAA,A
UUA$GAA,A
CAA$G,C
AUCA$GACGAC,K
CUGUGAACC$GGGGAG,K
AUAA$GAA,A
GGA$GAAGAA,K
GAAC$UCAGUA,S
CAA$GAAA,A
GAAC$AAGUA,S
CGA$GUUUGAC,K
UGA$CGUGAU,K
AGUA$GCAGAUA,K
GGA$AGAGAU,K
UAA$GAA,A
GGGAG$CAGAGAUC,K
AAAU$GGAA,A
UGCGAA$GGA,K
GACC$CAGUA,S
UAA$GAAAU,A
GAAC$CAAUA,S
GAACU$UAGUC,S
AUGGAA$GGA,K
CAC$G,C
CGGAGAA$GGAG,K
UUUGAA$GGA,K
CUAGACA$CGA,K
GA$ACAAA,K
