UGAAAA,G
CGAAAA,G
GAAAG,G
GCAU,G
GUAGUC,G
GCACA,G
GAAGUA,G
UAACA,G
GACGA,G
GAAA,G
UGAGAAU,G
GUGGCU,G
GGAG,G
AAAC,G
GGCGA,G
UCGAACA,G
GAGA,G
UAGC,G
GCAGAA,G
UUCG,G
AGAAAU,G
CUGCAA,G
GAUGA,G
GGGA,G
UGAA,G
UAACG,G
AAAA,G
GAAG,G
GAGAA,G
GAUAA,G
GAUAAG,G
UUGACUA,G
UUAAUAC,G
CUCAA,G
AGCC,G
CAACU,G
GUUAUG,G
GCUAAC,G
GUGA,G
GCGA,G
AAGG,G
GGCGAAA,G
CAGAA,G
GUAAG,G
UGACAC,G
GAACA,G
GUAAUA,G
GAAGA,G
GAAUA,G
UCAC,G
GCAG,G
GUAACA,G
CUACAA,G
GAAGAA,G
GUAA,G
GACG,G
AAGC,G
GUAG,G
GAAAU,G
UCAA,G
GUGGCG,G
GGAAC,G
GUAUA,G
GACA,G
GGAA,G
GUGAGA,G
GAGUA,G
UUCAA,G
CACC,G
GCAUA,G
CAAA,G
GCAA,G
UAAC,G
GAAC,G
GAUAAC,G
UUGAGAGC,G
UUAAAA,G
