GGAGUA$GAGA,S
GUA$AAA,S
UAAGGAUU$UUGAUU,K
AAGUA$GAAA,S
AUCGAU$GGA,K
GAA$A,C
CC$CCC,C
AUCA$GACCAC,K
AGA$GACGAA,K
GGAAU$GAGAU,K
GAA$UAA,A
GAA$G,C
GA$GCGAAA,K
GAGUA$GAAA,S
AGA$GG,M
AAGACA$AAUGAC,K
GGA$UAUGAA,K
UAA$GAG,A
GAA$AAUGU,K
AGGUA$AAAUA,S
GA$GAA,A
CUC$C,C
UU$GC,M
UAGUA$GAAA,S
GGA$UUUGAU,K
UUC$CCACG,K
AUAGACA$CGA,K
GAUG$CUAA,A
UUAGUA$GAAAC,S
AGA$CAUGAC,K
AA$CUG,M
CA$AA,M
UGUGAA$GGA,K
CAGUA$GAAC,S
GGGUA$GAAUA,S
UAA$GAA,A
UAA$CAU,A
UCAGUA$GAAGC,S
GUA$GAA,S
GGAGUA$AAGA,S
AA$GG,M
GAGUAC$GAAA,S
AGAACU$UUAGUAC,S
UAA$GAU,A
UAAGUA$GAAAU,S
AAAA$GAGUA,S
GAACU$UAAGUA,S
UAA$UAU,A
CU$CC,M
AAGGA$AG,M
GUA$GUAGAG,K
GAGUAC$AAAA,S
U$CAC,C
UC$CU,M
CUAGACA$CGA,K
GACGAU$GGA,K
UU$UU,M
GUA$UUAGAA,K
CAC$C,C
CGACC$CAGUAC,S
CGC$U,C
AGUA$GCAGAUA,K
UA$GA,M
UA$GAA,A
CCAGACA$CGA,K
GAU$UAA,A
UAA$GAAA,A
AAGAGUA$GAAGGCA,S
CGA$GUUUGAC,K
GGA$GUGGAU,K
UAAGACA$CGA,K
UGAGUA$GAAAU,S
GAA$GA,A
CC$AC,M
UAUGAG$AAA,K
UAGUA$GAAU,S
GAC$GGUA,S
AGGUA$GAAUG,S
GGA$GUUGAA,K
GACGAA$CGA,K
UU$GU,M
UGA$CGUGAU,K
CAA$G,C
GUUGAA$GGA,K
UG$AC,M
GA$ACAAA,K
AAGUA$GAAGCAACG,S
GUAA$GAAA,A
AUCA$UUCAAC,K
GA$GAGAAA,K
GG$GCA,A
CCGAGUA$GAAAC,S
CU$UU,M
GAGUAU$GAAA,S
UGA$UGUGAU,K
AUGAGUA$GAAAGG,S
AAUGAU$UGA,K
CAC$G,C
GGA$GAAGAA,K
GGG$AA,M
CGAA$AA,C
UUAGUA$GAAUA,S
GAUGAA$GGA,K
UUA$GAA,A
AAGAAC$CAGUAGAA,S
CAA$GAUGAC,K
GAACU$UCAGUA,S
GGAAU$GAGAG,K
GGAGAA$GGA,K
CAA$GAA,A
AUCA$GACGAC,K
UG$GC,M
CUUGAA$GGA,K
CGA$UUUGAC,K
CAA$GAAA,A
AC$CC,M
UAUGAA$GGA,K
UAA$GAAAU,A
UCAGUA$GAACC,S
GA$GA,M
GGA$GAGGAU,K
GGAA$AGGAA,K
CAC$AA,C
AAUGA$GA,K
GA$CA,M
UUAGUA$GAACC,S
UC$UU,M
UU$UC,M
UGA$GAAA,A
AUAA$GAAG,A
GGA$GAUGAA,K
UAGUA$GAAC,S
CGAUGAA$UGAA,K
AUGUA$GAA,S
CAA$GCA,A
CUC$U,C
GACC$CAGUA,S
GCAGAA$GGA,K
AC$AC,M
GAA$GG,A
CC$CC,M
AUGGAA$GGA,K
GU$GA,M
CUUG$CUUG,M
UUAGUA$GAAGC,S
GAAGAA$GGA,K
GUA$GUA,A
AUAA$GAAA,A
GGUGAA$GA,K
GUA$GCA,A
CU$CU,M
GAAGACA$CGA,K
GAUGA$GA,K
CAC$A,C
AUUA$GACGAU,K
CU$UA,M
GA$AAUGA,K
AUAGUA$GAAG,S
UGAA$CGAUGAA,K
UGUGAU$UGA,K
CUA$UUGGAC,K
GUA$GA,A
